Workbook

Sheet Sheet1
A1: District | B1: PanchayatSamiti | C1: Grampanchayat | D1: WardNumber | E1: PollingStationNumber | F1: Polling Station in Hindi | G1: Polling Station in English | H1: PanchayatSamitiConstituenyNumber | I1: ZillaParishadConstituencyNumber
A2: CHURU | B2: TARANAGAR WEST(BHALERI) HQ TARANAGAR PANCHAYAT SAMITI | C2: Alayla | D2: 1 | E2: 70 | F2: राजकीय उच्च माध्यमिक विद्यालय (कमरा संख्या 03) अलायला | G2: Govt. Sen. Sec. School (Room No. 03) Alayla | H2: 12 | I2: 36
A3: CHURU | B3: TARANAGAR WEST(BHALERI) HQ TARANAGAR PANCHAYAT SAMITI | C3: Alayla | D3: 2 | E3: 70 | F3: राजकीय उच्च माध्यमिक विद्यालय (कमरा संख्या 03) अलायला | G3: Govt. Sen. Sec. School (Room No. 03) Alayla | H3: 12 | I3: 36
A4: CHURU | B4: TARANAGAR WEST(BHALERI) HQ TARANAGAR PANCHAYAT SAMITI | C4: Alayla | D4: 3 | E4: 70 | F4: राजकीय उच्च माध्यमिक विद्यालय (कमरा संख्या 03) अलायला | G4: Govt. Sen. Sec. School (Room No. 03) Alayla | H4: 12 | I4: 36
A5: CHURU | B5: TARANAGAR WEST(BHALERI) HQ TARANAGAR PANCHAYAT SAMITI | C5: Alayla | D5: 4 | E5: 71 | F5: राजकीय उच्च माध्यमिक विद्यालय (कमरा संख्या 04) अलायला | G5: Govt. Sen. Sec. School (Room No. 04) Alayla | H5: 12 | I5: 36
A6: CHURU | B6: TARANAGAR WEST(BHALERI) HQ TARANAGAR PANCHAYAT SAMITI | C6: Alayla | D6: 5 | E6: 71 | F6: राजकीय उच्च माध्यमिक विद्यालय (कमरा संख्या 04) अलायला | G6: Govt. Sen. Sec. School (Room No. 04) Alayla | H6: 12 | I6: 36
A7: CHURU | B7: TARANAGAR WEST(BHALERI) HQ TARANAGAR PANCHAYAT SAMITI | C7: Alayla | D7: 6 | E7: 71 | F7: राजकीय उच्च माध्यमिक विद्यालय (कमरा संख्या 04) अलायला | G7: Govt. Sen. Sec. School (Room No. 04) Alayla | H7: 12 | I7: 36
A8: CHURU | B8: TARANAGAR WEST(BHALERI) HQ TARANAGAR PANCHAYAT SAMITI | C8: Alayla | D8: 7 | E8: 71 | F8: राजकीय उच्च माध्यमिक विद्यालय (कमरा संख्या 04) अलायला | G8: Govt. Sen. Sec. School (Room No. 04) Alayla | H8: 12 | I8: 36
A9: CHURU | B9: TARANAGAR WEST(BHALERI) HQ TARANAGAR PANCHAYAT SAMITI | C9: Anandsinghpura | D9: 1 | E9: 40 | F9: राजकीय उच्च माध्यमिक विद्यालय (कमरा संख्या 02) आनन्दसिंहपुरा | G9: Govt. Sen. Sec. School ( Room No. 02) Anandsinghpura | H9: 9 | I9: 37
A10: CHURU | B10: TARANAGAR WEST(BHALERI) HQ TARANAGAR PANCHAYAT SAMITI | C10: Anandsinghpura | D10: 2 | E10: 40 | F10: राजकीय उच्च माध्यमिक विद्यालय (कमरा संख्या 02) आनन्दसिंहपुरा | G10: Govt. Sen. Sec. School ( Room No. 02) Anandsinghpura | H10: 9 | I10: 37
A11: CHURU | B11: TARANAGAR WEST(BHALERI) HQ TARANAGAR PANCHAYAT SAMITI | C11: Anandsinghpura | D11: 3 | E11: 40 | F11: राजकीय उच्च माध्यमिक विद्यालय (कमरा संख्या 02) आनन्दसिंहपुरा | G11: Govt. Sen. Sec. School ( Room No. 02) Anandsinghpura | H11: 9 | I11: 37
A12: CHURU | B12: TARANAGAR WEST(BHALERI) HQ TARANAGAR PANCHAYAT SAMITI | C12: Anandsinghpura | D12: 4 | E12: 41 | F12: राजकीय उच्च माध्यमिक विद्यालय (कमरा संख्या 10) आनन्दसिंहपुरा | G12: Govt. Sen. Sec. School ( Room No.10) Anandsinghpura | H12: 9 | I12: 37
A13: CHURU | B13: TARANAGAR WEST(BHALERI) HQ TARANAGAR PANCHAYAT SAMITI | C13: Anandsinghpura | D13: 5 | E13: 41 | F13: राजकीय उच्च माध्यमिक विद्यालय (कमरा संख्या 10) आनन्दसिंहपुरा | G13: Govt. Sen. Sec. School ( Room No.10) Anandsinghpura | H13: 9 | I13: 37
... A4019: CHURU | B4019: BHANIPURA PANCHAYAT SAMITI | C4019: TOLASAR | D4019: 7 | E4019: 97 | F4019: राजकीय उच्च माध्यमिक विद्यालय तोलासर (दायां भाग) | G4019: GOVERNMENT SENIOR SECONDARY SCHOOL TOLASAR (RIGHT PART) | H4019: 17 | I4019: 2

Sheet Sheet3
A1: Polling Station in Hindi | B1: ZillaParishadConstituencyNumber | C1: Voters
A2: राजकीय उच्च माध्यमिक विद्यालय (कमरा संख्या 03) अलायला | B2: 36 | C2: =SUMIFS(Sheet1_withvoters!$J$2:$J$4019,Sheet1_withvoters!$F$2:$F$4019,A2,Sheet1_withvoters!$I$2:$I$4019,B2) -> 577
A3: राजकीय उच्च माध्यमिक विद्यालय (कमरा संख्या 04) अलायला | B3: 36 | C3: =SUMIFS(Sheet1_withvoters!$J$2:$J$4019,Sheet1_withvoters!$F$2:$F$4019,A3,Sheet1_withvoters!$I$2:$I$4019,B3) -> 655
A4: राजकीय उच्च माध्यमिक विद्यालय (कमरा संख्या 02) आनन्दसिंहपुरा | B4: 37 | C4: =SUMIFS(Sheet1_withvoters!$J$2:$J$4019,Sheet1_withvoters!$F$2:$F$4019,A4,Sheet1_withvoters!$I$2:$I$4019,B4) -> 1188
A5: राजकीय उच्च माध्यमिक विद्यालय (कमरा संख्या 10) आनन्दसिंहपुरा | B5: 37 | C5: =SUMIFS(Sheet1_withvoters!$J$2:$J$4019,Sheet1_withvoters!$F$2:$F$4019,A5,Sheet1_withvoters!$I$2:$I$4019,B5) -> 1073
A6: राजकीय उच्च माध्यमिक विद्यालय (कमरा संख्या 11) आनन्दसिंहपुरा | B6: 37 | C6: =SUMIFS(Sheet1_withvoters!$J$2:$J$4019,Sheet1_withvoters!$F$2:$F$4019,A6,Sheet1_withvoters!$I$2:$I$4019,B6) -> 955
A7: राजकीय उच्च माध्यमिक विद्यालय (उतरी ब्लॉक कमरा नं. 10 ) भालेरी | B7: 37 | C7: =SUMIFS(Sheet1_withvoters!$J$2:$J$4019,Sheet1_withvoters!$F$2:$F$4019,A7,Sheet1_withvoters!$I$2:$I$4019,B7) -> 1075
A8: राजकीय उच्च माध्यमिक विद्यालय (दक्षिणी ब्लॉक दायां भाग) भालेरी | B8: 37 | C8: =SUMIFS(Sheet1_withvoters!$J$2:$J$4019,Sheet1_withvoters!$F$2:$F$4019,A8,Sheet1_withvoters!$I$2:$I$4019,B8) -> 1129
A9: राजकीय उच्‍च माध्यमिक विद्यालय (बायां भाग ) भालेरी | B9: 37 | C9: =SUMIFS(Sheet1_withvoters!$J$2:$J$4019,Sheet1_withvoters!$F$2:$F$4019,A9,Sheet1_withvoters!$I$2:$I$4019,B9) -> 1124
A10: राजकीय उच्च माध्यमिक विद्यालय (दक्षिणी ब्लॉक बायां भाग) भालेरी | B10: 37 | C10: =SUMIFS(Sheet1_withvoters!$J$2:$J$4019,Sheet1_withvoters!$F$2:$F$4019,A10,Sheet1_withvoters!$I$2:$I$4019,B10) -> 934
A11: राजकीय उच्च माध्‍यमिक विद्यालय (दायां भाग) भालेरी | B11: 37 | C11: =SUMIFS(Sheet1_withvoters!$J$2:$J$4019,Sheet1_withvoters!$F$2:$F$4019,A11,Sheet1_withvoters!$I$2:$I$4019,B11) -> 1067
A12: श‍हीद सीताराम मीणा राजकीय उच्च माध्यमिक विद्यालय (कक्षा-1) ब्रह्मनगर | B12: 36 | C12: =SUMIFS(Sheet1_withvoters!$J$2:$J$4019,Sheet1_withvoters!$F$2:$F$4019,A12,Sheet1_withvoters!$I$2:$I$4019,B12) -> 1208
A13: श‍हीद सीताराम मीणा राजकीय उच्च माध्यमिक विद्यालय (हॉल) ब्रह्मनगर | B13: 36 | C13: =SUMIFS(Sheet1_withvoters!$J$2:$J$4019,Sheet1_withvoters!$F$2:$F$4019,A13,Sheet1_withvoters!$I$2:$I$4019,B13) -> 126
... A1360: राजकीय उच्च माध्यमिक विद्यालय तोलासर (दायां भाग) | B1360: 2 | C1360: =SUMIFS(Sheet1_withvoters!$J$2:$J$4019,Sheet1_withvoters!$F$2:$F$4019,A1360,Sheet1_withvoters!$I$2:$I$4019,B1360) -> 1055

Sheet Sheet2
A1: Ward No | B1: Total Booths | C1: Total Voters | D1: Up to 800 Voters | E1: 801 to 1000 voters | F1: 1001 to 1200 voters | G1: More than 1200 voters
A2: 1 | B2: =COUNTIFS(Sheet3!$B$2:$B$1360,A2) -> 31 | C2: =SUMIFS(Sheet1_withvoters!$J$2:$J$4019,Sheet1_withvoters!$I$2:$I$4019,A2) -> 28180 | D2: =COUNTIFS(Sheet3!$B$2:$B$1360,A2,Sheet3!$C$2:$C$1360,"<=800") -> 10 | E2: =COUNTIFS(Sheet3!$B$2:$B$1360,A2,Sheet3!$C$2:$C$1360,">=801",Sheet3!$C$2:$C$1360,"<=1000") -> 6 | F2: =COUNTIFS(Sheet3!$B$2:$B$1360,A2,Sheet3!$C$2:$C$1360,">=1001",Sheet3!$C$2:$C$1360,"<=1200") -> 14 | G2: =COUNTIFS(Sheet3!$B$2:$B$1360,A2,Sheet3!$C$2:$C$1360,">=1201") -> 1
A3: 2 | B3: =COUNTIFS(Sheet3!$B$2:$B$1360,A3) -> 31 | C3: =SUMIFS(Sheet1_withvoters!$J$2:$J$4019,Sheet1_withvoters!$I$2:$I$4019,A3) -> 28336 | D3: =COUNTIFS(Sheet3!$B$2:$B$1360,A3,Sheet3!$C$2:$C$1360,"<=800") -> 6 | E3: =COUNTIFS(Sheet3!$B$2:$B$1360,A3,Sheet3!$C$2:$C$1360,">=801",Sheet3!$C$2:$C$1360,"<=1000") -> 14 | F3: =COUNTIFS(Sheet3!$B$2:$B$1360,A3,Sheet3!$C$2:$C$1360,">=1001",Sheet3!$C$2:$C$1360,"<=1200") -> 11 | G3: =COUNTIFS(Sheet3!$B$2:$B$1360,A3,Sheet3!$C$2:$C$1360,">=1201") -> 0
A4: 3 | B4: =COUNTIFS(Sheet3!$B$2:$B$1360,A4) -> 35 | C4: =SUMIFS(Sheet1_withvoters!$J$2:$J$4019,Sheet1_withvoters!$I$2:$I$4019,A4) -> 29963 | D4: =COUNTIFS(Sheet3!$B$2:$B$1360,A4,Sheet3!$C$2:$C$1360,"<=800") -> 14 | E4: =COUNTIFS(Sheet3!$B$2:$B$1360,A4,Sheet3!$C$2:$C$1360,">=801",Sheet3!$C$2:$C$1360,"<=1000") -> 15 | F4: =COUNTIFS(Sheet3!$B$2:$B$1360,A4,Sheet3!$C$2:$C$1360,">=1001",Sheet3!$C$2:$C$1360,"<=1200") -> 6 | G4: =COUNTIFS(Sheet3!$B$2:$B$1360,A4,Sheet3!$C$2:$C$1360,">=1201") -> 0
A5: 4 | B5: =COUNTIFS(Sheet3!$B$2:$B$1360,A5) -> 31 | C5: =SUMIFS(Sheet1_withvoters!$J$2:$J$4019,Sheet1_withvoters!$I$2:$I$4019,A5) -> 25880 | D5: =COUNTIFS(Sheet3!$B$2:$B$1360,A5,Sheet3!$C$2:$C$1360,"<=800") -> 13 | E5: =COUNTIFS(Sheet3!$B$2:$B$1360,A5,Sheet3!$C$2:$C$1360,">=801",Sheet3!$C$2:$C$1360,"<=1000") -> 15 | F5: =COUNTIFS(Sheet3!$B$2:$B$1360,A5,Sheet3!$C$2:$C$1360,">=1001",Sheet3!$C$2:$C$1360,"<=1200") -> 3 | G5: =COUNTIFS(Sheet3!$B$2:$B$1360,A5,Sheet3!$C$2:$C$1360,">=1201") -> 0
A6: 5 | B6: =COUNTIFS(Sheet3!$B$2:$B$1360,A6) -> 30 | C6: =SUMIFS(Sheet1_withvoters!$J$2:$J$4019,Sheet1_withvoters!$I$2:$I$4019,A6) -> 25595 | D6: =COUNTIFS(Sheet3!$B$2:$B$1360,A6,Sheet3!$C$2:$C$1360,"<=800") -> 12 | E6: =COUNTIFS(Sheet3!$B$2:$B$1360,A6,Sheet3!$C$2:$C$1360,">=801",Sheet3!$C$2:$C$1360,"<=1000") -> 14 | F6: =COUNTIFS(Sheet3!$B$2:$B$1360,A6,Sheet3!$C$2:$C$1360,">=1001",Sheet3!$C$2:$C$1360,"<=1200") -> 3 | G6: =COUNTIFS(Sheet3!$B$2:$B$1360,A6,Sheet3!$C$2:$C$1360,">=1201") -> 1
A7: 6 | B7: =COUNTIFS(Sheet3!$B$2:$B$1360,A7) -> 29 | C7: =SUMIFS(Sheet1_withvoters!$J$2:$J$4019,Sheet1_withvoters!$I$2:$I$4019,A7) -> 25774 | D7: =COUNTIFS(Sheet3!$B$2:$B$1360,A7,Sheet3!$C$2:$C$1360,"<=800") -> 7 | E7: =COUNTIFS(Sheet3!$B$2:$B$1360,A7,Sheet3!$C$2:$C$1360,">=801",Sheet3!$C$2:$C$1360,"<=1000") -> 13 | F7: =COUNTIFS(Sheet3!$B$2:$B$1360,A7,Sheet3!$C$2:$C$1360,">=1001",Sheet3!$C$2:$C$1360,"<=1200") -> 9 | G7: =COUNTIFS(Sheet3!$B$2:$B$1360,A7,Sheet3!$C$2:$C$1360,">=1201") -> 0
A8: 7 | B8: =COUNTIFS(Sheet3!$B$2:$B$1360,A8) -> 41 | C8: =SUMIFS(Sheet1_withvoters!$J$2:$J$4019,Sheet1_withvoters!$I$2:$I$4019,A8) -> 37634 | D8: =COUNTIFS(Sheet3!$B$2:$B$1360,A8,Sheet3!$C$2:$C$1360,"<=800") -> 11 | E8: =COUNTIFS(Sheet3!$B$2:$B$1360,A8,Sheet3!$C$2:$C$1360,">=801",Sheet3!$C$2:$C$1360,"<=1000") -> 16 | F8: =COUNTIFS(Sheet3!$B$2:$B$1360,A8,Sheet3!$C$2:$C$1360,">=1001",Sheet3!$C$2:$C$1360,"<=1200") -> 13 | G8: =COUNTIFS(Sheet3!$B$2:$B$1360,A8,Sheet3!$C$2:$C$1360,">=1201") -> 1
A9: 8 | B9: =COUNTIFS(Sheet3!$B$2:$B$1360,A9) -> 41 | C9: =SUMIFS(Sheet1_withvoters!$J$2:$J$4019,Sheet1_withvoters!$I$2:$I$4019,A9) -> 35892 | D9: =COUNTIFS(Sheet3!$B$2:$B$1360,A9,Sheet3!$C$2:$C$1360,"<=800") -> 11 | E9: =COUNTIFS(Sheet3!$B$2:$B$1360,A9,Sheet3!$C$2:$C$1360,">=801",Sheet3!$C$2:$C$1360,"<=1000") -> 23 | F9: =COUNTIFS(Sheet3!$B$2:$B$1360,A9,Sheet3!$C$2:$C$1360,">=1001",Sheet3!$C$2:$C$1360,"<=1200") -> 6 | G9: =COUNTIFS(Sheet3!$B$2:$B$1360,A9,Sheet3!$C$2:$C$1360,">=1201") -> 1
A10: 9 | B10: =COUNTIFS(Sheet3!$B$2:$B$1360,A10) -> 32 | C10: =SUMIFS(Sheet1_withvoters!$J$2:$J$4019,Sheet1_withvoters!$I$2:$I$4019,A10) -> 31525 | D10: =COUNTIFS(Sheet3!$B$2:$B$1360,A10,Sheet3!$C$2:$C$1360,"<=800") -> 3 | E10: =COUNTIFS(Sheet3!$B$2:$B$1360,A10,Sheet3!$C$2:$C$1360,">=801",Sheet3!$C$2:$C$1360,"<=1000") -> 14 | F10: =COUNTIFS(Sheet3!$B$2:$B$1360,A10,Sheet3!$C$2:$C$1360,">=1001",Sheet3!$C$2:$C$1360,"<=1200") -> 13 | G10: =COUNTIFS(Sheet3!$B$2:$B$1360,A10,Sheet3!$C$2:$C$1360,">=1201") -> 2
A11: 10 | B11: =COUNTIFS(Sheet3!$B$2:$B$1360,A11) -> 29 | C11: =SUMIFS(Sheet1_withvoters!$J$2:$J$4019,Sheet1_withvoters!$I$2:$I$4019,A11) -> 28910 | D11: =COUNTIFS(Sheet3!$B$2:$B$1360,A11,Sheet3!$C$2:$C$1360,"<=800") -> 5 | E11: =COUNTIFS(Sheet3!$B$2:$B$1360,A11,Sheet3!$C$2:$C$1360,">=801",Sheet3!$C$2:$C$1360,"<=1000") -> 7 | F11: =COUNTIFS(Sheet3!$B$2:$B$1360,A11,Sheet3!$C$2:$C$1360,">=1001",Sheet3!$C$2:$C$1360,"<=1200") -> 16 | G11: =COUNTIFS(Sheet3!$B$2:$B$1360,A11,Sheet3!$C$2:$C$1360,">=1201") -> 1
A12: 11 | B12: =COUNTIFS(Sheet3!$B$2:$B$1360,A12) -> 33 | C12: =SUMIFS(Sheet1_withvoters!$J$2:$J$4019,Sheet1_withvoters!$I$2:$I$4019,A12) -> 31982 | D12: =COUNTIFS(Sheet3!$B$2:$B$1360,A12,Sheet3!$C$2:$C$1360,"<=800") -> 4 | E12: =COUNTIFS(Sheet3!$B$2:$B$1360,A12,Sheet3!$C$2:$C$1360,">=801",Sheet3!$C$2:$C$1360,"<=1000") -> 16 | F12: =COUNTIFS(Sheet3!$B$2:$B$1360,A12,Sheet3!$C$2:$C$1360,">=1001",Sheet3!$C$2:$C$1360,"<=1200") -> 10 | G12: =COUNTIFS(Sheet3!$B$2:$B$1360,A12,Sheet3!$C$2:$C$1360,">=1201") -> 3
A13: 12 | B13: =COUNTIFS(Sheet3!$B$2:$B$1360,A13) -> 31 | C13: =SUMIFS(Sheet1_withvoters!$J$2:$J$4019,Sheet1_withvoters!$I$2:$I$4019,A13) -> 32786 | D13: =COUNTIFS(Sheet3!$B$2:$B$1360,A13,Sheet3!$C$2:$C$1360,"<=800") -> 0 | E13: =COUNTIFS(Sheet3!$B$2:$B$1360,A13,Sheet3!$C$2:$C$1360,">=801",Sheet3!$C$2:$C$1360,"<=1000") -> 13 | F13: =COUNTIFS(Sheet3!$B$2:$B$1360,A13,Sheet3!$C$2:$C$1360,">=1001",Sheet3!$C$2:$C$1360,"<=1200") -> 12 | G13: =COUNTIFS(Sheet3!$B$2:$B$1360,A13,Sheet3!$C$2:$C$1360,">=1201") -> 6
... A40: 39 | B40: =COUNTIFS(Sheet3!$B$2:$B$1360,A40) -> 37 | C40: =SUMIFS(Sheet1_withvoters!$J$2:$J$4019,Sheet1_withvoters!$I$2:$I$4019,A40) -> 35221 | D40: =COUNTIFS(Sheet3!$B$2:$B$1360,A40,Sheet3!$C$2:$C$1360,"<=800") -> 8 | E40: =COUNTIFS(Sheet3!$B$2:$B$1360,A40,Sheet3!$C$2:$C$1360,">=801",Sheet3!$C$2:$C$1360,"<=1000") -> 13 | F40: =COUNTIFS(Sheet3!$B$2:$B$1360,A40,Sheet3!$C$2:$C$1360,">=1001",Sheet3!$C$2:$C$1360,"<=1200") -> 15 | G40: =COUNTIFS(Sheet3!$B$2:$B$1360,A40,Sheet3!$C$2:$C$1360,">=1201") -> 1
A41: Total | B41: =SUM(B2:B40) -> 1359 | C41: =SUM(C2:C40) -> 1248368 | D41: =SUM(D2:D40) -> 348 | E41: =SUM(E2:E40) -> 536 | F41: =SUM(F2:F40) -> 424 | G41: =SUM(G2:G40) -> 51

Sheet Sheet1_withvoters
A1: District | B1: PanchayatSamiti | C1: Grampanchayat | D1: WardNumber | E1: PollingStationNumber | F1: Polling Station in Hindi | G1: Polling Station in English | H1: PanchayatSamitiConstituenyNumber | I1: ZillaParishadConstituencyNumber | J1: Total_Elector
A2: CHURU | B2: TARANAGAR WEST(BHALERI) HQ TARANAGAR PANCHAYAT SAMITI | C2: Alayla | D2: 1 | E2: 70 | F2: राजकीय उच्च माध्यमिक विद्यालय (कमरा संख्या 03) अलायला | G2: Govt. Sen. Sec. School (Room No. 03) Alayla | H2: 12 | I2: 36 | J2: 228
A3: CHURU | B3: TARANAGAR WEST(BHALERI) HQ TARANAGAR PANCHAYAT SAMITI | C3: Alayla | D3: 2 | E3: 70 | F3: राजकीय उच्च माध्यमिक विद्यालय (कमरा संख्या 03) अलायला | G3: Govt. Sen. Sec. School (Room No. 03) Alayla | H3: 12 | I3: 36 | J3: 170
A4: CHURU | B4: TARANAGAR WEST(BHALERI) HQ TARANAGAR PANCHAYAT SAMITI | C4: Alayla | D4: 3 | E4: 70 | F4: राजकीय उच्च माध्यमिक विद्यालय (कमरा संख्या 03) अलायला | G4: Govt. Sen. Sec. School (Room No. 03) Alayla | H4: 12 | I4: 36 | J4: 179
A5: CHURU | B5: TARANAGAR WEST(BHALERI) HQ TARANAGAR PANCHAYAT SAMITI | C5: Alayla | D5: 4 | E5: 71 | F5: राजकीय उच्च माध्यमिक विद्यालय (कमरा संख्या 04) अलायला | G5: Govt. Sen. Sec. School (Room No. 04) Alayla | H5: 12 | I5: 36 | J5: 222
A6: CHURU | B6: TARANAGAR WEST(BHALERI) HQ TARANAGAR PANCHAYAT SAMITI | C6: Alayla | D6: 5 | E6: 71 | F6: राजकीय उच्च माध्यमिक विद्यालय (कमरा संख्या 04) अलायला | G6: Govt. Sen. Sec. School (Room No. 04) Alayla | H6: 12 | I6: 36 | J6: 139
A7: CHURU | B7: TARANAGAR WEST(BHALERI) HQ TARANAGAR PANCHAYAT SAMITI | C7: Alayla | D7: 6 | E7: 71 | F7: राजकीय उच्च माध्यमिक विद्यालय (कमरा संख्या 04) अलायला | G7: Govt. Sen. Sec. School (Room No. 04) Alayla | H7: 12 | I7: 36 | J7: 118
A8: CHURU | B8: TARANAGAR WEST(BHALERI) HQ TARANAGAR PANCHAYAT SAMITI | C8: Alayla | D8: 7 | E8: 71 | F8: राजकीय उच्च माध्यमिक विद्यालय (कमरा संख्या 04) अलायला | G8: Govt. Sen. Sec. School (Room No. 04) Alayla | H8: 12 | I8: 36 | J8: 176
A9: CHURU | B9: TARANAGAR WEST(BHALERI) HQ TARANAGAR PANCHAYAT SAMITI | C9: Anandsinghpura | D9: 1 | E9: 40 | F9: राजकीय उच्च माध्यमिक विद्यालय (कमरा संख्या 02) आनन्दसिंहपुरा | G9: Govt. Sen. Sec. School ( Room No. 02) Anandsinghpura | H9: 9 | I9: 37 | J9: 374
A10: CHURU | B10: TARANAGAR WEST(BHALERI) HQ TARANAGAR PANCHAYAT SAMITI | C10: Anandsinghpura | D10: 2 | E10: 40 | F10: राजकीय उच्च माध्यमिक विद्यालय (कमरा संख्या 02) आनन्दसिंहपुरा | G10: Govt. Sen. Sec. School ( Room No. 02) Anandsinghpura | H10: 9 | I10: 37 | J10: 405
A11: CHURU | B11: TARANAGAR WEST(BHALERI) HQ TARANAGAR PANCHAYAT SAMITI | C11: Anandsinghpura | D11: 3 | E11: 40 | F11: राजकीय उच्च माध्यमिक विद्यालय (कमरा संख्या 02) आनन्दसिंहपुरा | G11: Govt. Sen. Sec. School ( Room No. 02) Anandsinghpura | H11: 9 | I11: 37 | J11: 409
A12: CHURU | B12: TARANAGAR WEST(BHALERI) HQ TARANAGAR PANCHAYAT SAMITI | C12: Anandsinghpura | D12: 4 | E12: 41 | F12: राजकीय उच्च माध्यमिक विद्यालय (कमरा संख्या 10) आनन्दसिंहपुरा | G12: Govt. Sen. Sec. School ( Room No.10) Anandsinghpura | H12: 9 | I12: 37 | J12: 366
A13: CHURU | B13: TARANAGAR WEST(BHALERI) HQ TARANAGAR PANCHAYAT SAMITI | C13: Anandsinghpura | D13: 5 | E13: 41 | F13: राजकीय उच्च माध्यमिक विद्यालय (कमरा संख्या 10) आनन्दसिंहपुरा | G13: Govt. Sen. Sec. School ( Room No.10) Anandsinghpura | H13: 9 | I13: 37 | J13: 340
... A4019: CHURU | B4019: BHANIPURA PANCHAYAT SAMITI | C4019: TOLASAR | D4019: 7 | E4019: 97 | F4019: राजकीय उच्च माध्यमिक विद्यालय तोलासर (दायां भाग) | G4019: GOVERNMENT SENIOR SECONDARY SCHOOL TOLASAR (RIGHT PART) | H4019: 17 | I4019: 2 | J4019: 228
